time,temp,prcp,solar radiation,relative humidity,prcp_rain
2025-01-01 03:00:00,,,,,
2025-01-01 06:00:00,,,,,
2025-01-01 09:00:00,,,,,
2025-01-01 12:00:00,6.94000244140625,0.0,230.0,61.2,0.0
2025-01-01 15:00:00,4.709991455078125,0.0,160.0,71.5,0.0
2025-01-01 18:00:00,3.540008544921875,0.0,80.0,75.1,0.0
2025-01-01 21:00:00,3.029998779296875,0.0,0.0,77.1,0.0
2025-01-02 00:00:00,2.510009765625,0.0,0.0,79.6,0.0
2025-01-02 03:00:00,2.07000732421875,0.0,0.0,80.8,0.0
2025-01-02 06:00:00,1.730010986328125,0.0,0.0,81.7,0.0
2025-01-02 09:00:00,5.07000732421875,0.0,120.0,67.3,0.0
2025-01-02 12:00:00,8.170013427734375,0.0,220.0,53.4,0.0
2025-01-02 15:00:00,5.92999267578125,0.0,160.0,63.7,0.0
2025-01-02 18:00:00,4.8800048828125,0.0,80.0,69.4,0.0
2025-01-02 21:00:00,4.69000244140625,0.0,0.0,78.5,0.0
2025-01-03 00:00:00,4.600006103515625,0.0,0.0,78.1,0.0
2025-01-03 03:00:00,4.920013427734375,0.0,0.0,72.6,0.0
2025-01-03 06:00:00,5.510009765625,0.4,0.0,73.8,1.0
2025-01-03 09:00:00,5.290008544921875,1.75,20.0,84.1,1.0
2025-01-03 12:00:00,4.05999755859375,3.7,30.0,83.1,1.0
2025-01-03 15:00:00,3.100006103515625,1.0,40.0,79.0,0.0
2025-01-03 18:00:00,2.08001708984375,1.8,20.0,81.1,0.0
2025-01-03 21:00:00,1.399993896484375,0.36,0.0,81.9,0.0
2025-01-04 00:00:00,0.360015869140625,0.4,0.0,84.4,0.0
2025-01-04 03:00:00,-0.3599853515625,0.0,0.0,83.5,0.0
2025-01-04 06:00:00,-0.720001220703125,0.0,0.0,82.8,0.0
2025-01-04 09:00:00,1.850006103515625,0.0,120.0,67.2,0.0
2025-01-04 12:00:00,3.490020751953125,0.0,230.0,56.6,0.0
2025-01-04 15:00:00,1.709991455078125,0.0,160.0,65.0,0.0
2025-01-04 18:00:00,0.480010986328125,0.0,80.0,73.2,0.0
2025-01-04 21:00:00,0.149993896484375,0.1,0.0,76.1,0.0
2025-01-05 00:00:00,0.160003662109375,0.4,0.0,75.6,0.0
2025-01-05 03:00:00,0.209991455078125,0.2,0.0,76.7,0.0
2025-01-05 06:00:00,0.230010986328125,0.4,0.0,77.6,0.0
2025-01-05 09:00:00,2.30999755859375,0.1,80.0,69.5,0.0
2025-01-05 12:00:00,4.58001708984375,0.1,150.0,65.7,0.0
2025-01-05 15:00:00,3.83001708984375,0.03,110.0,75.2,0.0
2025-01-05 18:00:00,3.42999267578125,0.1,50.0,81.0,0.0
2025-01-05 21:00:00,3.6300048828125,0.0,0.0,83.6,0.0
2025-01-06 00:00:00,4.040008544921875,0.1,0.0,82.7,0.0
2025-01-06 03:00:00,4.3900146484375,0.0,0.0,80.6,0.0
2025-01-06 06:00:00,4.57000732421875,0.0,0.0,80.0,0.0
2025-01-06 09:00:00,6.990020751953125,0.01,70.0,71.8,0.0
2025-01-06 12:00:00,9.790008544921877,0.0,140.0,65.4,0.0
2025-01-06 15:00:00,8.6400146484375,0.0,130.0,74.1,0.0
2025-01-06 18:00:00,7.420013427734375,0.0,60.0,81.6,0.0
2025-01-06 21:00:00,6.75,0.0,0.0,84.0,0.0
2025-01-07 00:00:00,6.290008544921875,0.0,0.0,84.5,0.0
2025-01-07 03:00:00,5.959991455078125,0.0,0.0,84.8,0.0
2025-01-07 06:00:00,5.69000244140625,0.0,0.0,85.5,0.0
2025-01-07 09:00:00,8.94000244140625,0.0,100.0,73.8,0.0
2025-01-07 12:00:00,12.27001953125,0.0,190.0,64.2,0.0
2025-01-07 15:00:00,10.660003662109377,0.0,130.0,73.5,0.0
2025-01-07 18:00:00,9.45001220703125,0.1,70.0,79.5,0.0
2025-01-07 21:00:00,9.040008544921877,0.1,0.0,80.2,0.0
2025-01-08 00:00:00,8.69000244140625,0.2,0.0,80.6,0.0
2025-01-08 03:00:00,8.33001708984375,0.2,0.0,81.9,0.0
2025-01-08 06:00:00,8.25,0.6,0.0,81.9,0.0
2025-01-08 09:00:00,9.649993896484377,0.6,50.0,76.5,0.0
2025-01-08 12:00:00,10.6199951171875,1.6,100.0,71.6,0.0
2025-01-08 15:00:00,9.339996337890623,0.9,80.0,75.7,0.0
2025-01-08 18:00:00,8.230010986328125,1.5,40.0,77.8,0.0
2025-01-08 21:00:00,7.110015869140625,0.4,0.0,80.1,0.0
2025-01-09 00:00:00,6.209991455078125,1.0,0.0,82.1,0.0
2025-01-09 03:00:00,5.510009765625,0.5,0.0,82.7,0.0
2025-01-09 06:00:00,4.899993896484375,1.1,0.0,82.9,0.0
2025-01-09 09:00:00,5.3699951171875,0.7,50.0,78.3,0.0
2025-01-09 12:00:00,6.420013427734375,1.3,100.0,74.6,0.0
2025-01-09 15:00:00,5.70001220703125,0.9,80.0,76.2,0.0
2025-01-09 18:00:00,4.910003662109375,1.8,40.0,80.5,0.0
2025-01-09 21:00:00,4.300018310546875,0.5,0.0,81.3,0.0
2025-01-10 00:00:00,3.52001953125,1.0,0.0,83.1,0.0
2025-01-10 03:00:00,3.07000732421875,0.4,0.0,82.4,0.0
2025-01-10 06:00:00,3.02001953125,1.0,0.0,81.7,0.0
2025-01-10 09:00:00,4.1199951171875,0.7,60.0,77.5,0.0
2025-01-10 12:00:00,5.350006103515625,1.1,130.0,73.1,0.0
2025-01-10 15:00:00,4.209991455078125,0.7,90.0,78.1,0.0
2025-01-10 18:00:00,2.75,1.4,50.0,82.3,0.0
2025-01-10 21:00:00,2.160003662109375,0.4,0.0,83.2,0.0
2025-01-11 03:00:00,0.02999878,0.0,0.0,81.3,0.0
2025-01-11 06:00:00,-0.1000061,0.0,0.0,79.9,0.0
2025-01-11 09:00:00,2.649994,0.0,130.0,65.3,0.0
2025-01-11 12:00:00,4.580017,0.0,240.0,52.3,0.0
2025-01-11 15:00:00,3.3399963,0.0,190.0,57.8,0.0
2025-01-11 18:00:00,1.8300171,0.0,90.0,65.0,0.0
2025-01-11 21:00:00,1.1900024,0.0,0.0,67.7,0.0
2025-01-12 00:00:00,0.6799927,0.0,0.0,69.6,0.0
2025-01-12 03:00:00,0.16000366,0.0,0.0,70.4,0.0
2025-01-12 06:00:00,-0.070007324,0.0,0.0,68.6,0.0
2025-01-12 09:00:00,1.980011,0.0,100.0,59.1,0.0
2025-01-12 12:00:00,2.899994,0.0,190.0,57.0,0.0
2025-01-12 15:00:00,2.119995,0.0,140.0,61.9,0.0
2025-01-12 18:00:00,0.74002075,0.0,70.0,69.2,0.0
2025-01-12 21:00:00,-0.11999512,0.0,0.0,73.2,0.0
2025-01-13 00:00:00,-0.66000366,0.0,0.0,75.7,0.0
2025-01-13 03:00:00,-0.9499817,0.0,0.0,76.6,0.0
2025-01-13 06:00:00,-1.1799927,0.0,0.0,77.0,0.0
2025-01-13 09:00:00,1.2099915,0.0,110.0,64.4,0.0
2025-01-13 12:00:00,3.399994,0.0,220.0,54.8,0.0
2025-01-13 15:00:00,2.0100098,0.0,170.0,62.7,0.0
2025-01-13 18:00:00,0.05999756,0.0,80.0,72.2,0.0
2025-01-13 21:00:00,-0.88998413,0.0,0.0,76.1,0.0
2025-01-14 00:00:00,-1.2799988,0.0,0.0,78.2,0.0
2025-01-14 03:00:00,-1.5499878,0.0,0.0,79.2,0.0
2025-01-14 06:00:00,-1.769989,0.0,0.0,80.6,0.0
2025-01-14 09:00:00,0.7000122,0.0,110.0,67.1,0.0
2025-01-14 12:00:00,2.7700195,0.1,220.0,57.1,0.0
2025-01-14 15:00:00,1.3999939,0.0,170.0,63.2,0.0
2025-01-14 18:00:00,-0.27999878,0.0,90.0,70.6,0.0
2025-01-14 21:00:00,-0.8200073,0.0,0.0,72.9,0.0
2025-01-15 00:00:00,-1.1399841,0.0,0.0,73.8,0.0
2025-01-15 03:00:00,-1.4700012,0.0,0.0,75.3,0.0
2025-01-15 06:00:00,-1.6799927,0.0,0.0,76.3,0.0
2025-01-15 09:00:00,0.55999756,0.0,110.0,64.7,0.0
2025-01-15 12:00:00,2.3600159,0.0,190.0,58.5,0.0
2025-01-15 15:00:00,1.230011,0.2,130.0,67.3,0.0
2025-01-15 18:00:00,0.040008545,0.3,70.0,74.4,0.0
2025-01-15 21:00:00,-0.22998047,0.11,0.0,77.1,0.0
2025-01-16 00:00:00,-0.5799866,0.2,0.0,80.9,0.0
2025-01-16 03:00:00,-0.72998047,0.1,0.0,82.0,0.0
2025-01-16 06:00:00,-0.9199829,0.2,0.0,83.5,0.0
2025-01-16 09:00:00,1.0899963,0.0,100.0,75.7,0.0
2025-01-16 12:00:00,2.8900146,0.1,190.0,67.9,0.0
2025-01-16 15:00:00,1.9900208,0.0,150.0,72.8,0.0
2025-01-16 18:00:00,0.66000366,0.0,80.0,78.8,0.0
2025-01-16 21:00:00,0.3000183,0.0,0.0,80.4,0.0
2025-01-17 00:00:00,-0.02999878,0.0,0.0,82.3,0.0
2025-01-17 03:00:00,-0.27999878,0.0,0.0,83.2,0.0
2025-01-17 06:00:00,-0.38998413,0.0,0.0,82.8,0.0
2025-01-17 09:00:00,1.8699951,0.01,100.0,71.2,0.0
2025-01-17 12:00:00,4.110016,0.0,200.0,61.9,0.0
2025-01-17 15:00:00,3.0200195,0.0,170.0,68.6,0.0
2025-01-17 18:00:00,1.3099976,0.0,80.0,77.0,0.0
2025-01-17 21:00:00,0.74002075,0.0,0.0,79.8,0.0
2025-01-18 00:00:00,0.3999939,0.0,0.0,81.0,0.0
2025-01-18 03:00:00,0.05999756,0.0,0.0,82.3,0.0
2025-01-18 06:00:00,-0.17999268,0.0,0.0,83.6,0.0
2025-01-18 09:00:00,2.149994,0.0,100.0,72.9,0.0
2025-01-18 12:00:00,4.2900085,0.0,200.0,63.8,0.0
2025-01-18 15:00:00,3.3099976,0.0,160.0,69.4,0.0
2025-01-18 18:00:00,1.7000122,0.0,80.0,77.3,0.0
2025-01-18 21:00:00,1.1600037,0.0,0.0,80.1,0.0
2025-01-19 00:00:00,0.69000244,0.0,0.0,81.9,0.0
2025-01-19 03:00:00,0.3500061,0.0,0.0,83.3,0.0
2025-01-19 06:00:00,0.02999878,0.1,0.0,83.5,0.0
2025-01-19 09:00:00,2.2000122,0.0,100.0,73.3,0.0
2025-01-19 12:00:00,3.75,0.0,178.0,68.1,0.0
2025-01-19 15:00:00,3.0500183,0.02,140.0,72.1,0.0
2025-01-19 18:00:00,1.7000122,0.0,70.0,78.2,0.0
2025-01-19 21:00:00,1.0299988,0.0,0.0,79.1,0.0
2025-01-20 00:00:00,0.42001343,0.0,0.0,81.6,0.0
2025-01-20 03:00:00,0.010009766,0.05,0.0,83.6,0.0
2025-01-20 06:00:00,-0.22000122,0.1,0.0,84.4,0.0
2025-01-20 09:00:00,2.3399963,0.01,120.0,71.5,0.0
2025-01-20 12:00:00,4.149994,0.02,220.0,62.8,0.0
2025-01-20 15:00:00,3.1600037,0.02,170.0,66.7,0.0
2025-01-20 18:00:00,1.4599915,0.0,90.0,74.5,0.0
2025-01-20 21:00:00,0.730011,0.0,0.0,77.0,0.0
2025-01-21 03:00:00,-0.32000732421875,0.0,0.0,91.6,0.0
2025-01-21 06:00:00,-0.42999267578125,0.0,0.0,91.4,0.0
2025-01-21 09:00:00,1.8900146484375,0.0,90.0,79.5,0.0
2025-01-21 12:00:00,3.649993896484375,0.0,149.0,70.7,0.0
2025-01-21 15:00:00,3.290008544921875,0.08,100.0,75.6,0.0
2025-01-21 18:00:00,2.279998779296875,0.4,50.0,82.2,0.0
2025-01-21 21:00:00,1.839996337890625,0.1,0.0,83.9,0.0
2025-01-22 00:00:00,1.660003662109375,0.2,0.0,85.8,0.0
2025-01-22 03:00:00,1.550018310546875,0.22,0.0,89.2,1.0
2025-01-22 06:00:00,1.529998779296875,0.3,0.0,89.8,1.0
2025-01-22 09:00:00,2.95001220703125,0.0,60.0,82.3,0.0
2025-01-22 12:00:00,4.69000244140625,0.0,110.0,75.5,0.0
2025-01-22 15:00:00,4.69000244140625,0.0,130.0,78.8,0.0
2025-01-22 18:00:00,3.100006103515625,0.0,70.0,87.6,0.0
2025-01-22 21:00:00,2.55999755859375,0.0,0.0,90.6,0.0
2025-01-23 00:00:00,2.290008544921875,0.0,0.0,91.4,0.0
2025-01-23 03:00:00,2.25,0.0,0.0,91.3,0.0
2025-01-23 06:00:00,2.779998779296875,0.0,0.0,88.9,0.0
2025-01-23 09:00:00,5.5,0.1,70.0,76.9,0.0
2025-01-23 12:00:00,8.1300048828125,0.2,110.0,69.2,0.0
2025-01-23 15:00:00,8.17999267578125,0.3,70.0,73.6,0.0
2025-01-23 18:00:00,7.860015869140625,0.7,40.0,80.0,1.0
2025-01-23 21:00:00,7.760009765625,0.51,0.0,85.1,1.0
2025-01-24 00:00:00,7.300018310546875,1.3,0.0,89.2,1.0
2025-01-24 03:00:00,6.410003662109375,0.4,0.0,90.3,1.0
2025-01-24 06:00:00,5.44000244140625,0.6,0.0,89.7,0.0
2025-01-24 09:00:00,6.899993896484375,0.1,90.0,77.7,0.0
2025-01-24 12:00:00,9.160003662109377,0.2,196.0,61.2,0.0
2025-01-24 15:00:00,8.42999267578125,0.02,180.0,62.8,0.0
2025-01-24 18:00:00,6.30999755859375,0.0,90.0,71.2,0.0
2025-01-24 21:00:00,5.32000732421875,0.0,0.0,75.0,0.0
2025-01-25 00:00:00,4.6300048828125,0.0,0.0,78.3,0.0
2025-01-25 03:00:00,4.010009765625,0.0,0.0,82.1,0.0
2025-01-25 06:00:00,3.55999755859375,0.0,0.0,84.3,0.0
2025-01-25 09:00:00,7.20001220703125,0.0,140.0,70.2,0.0
2025-01-25 12:00:00,10.839996337890623,0.0,267.0,57.3,0.0
2025-01-25 15:00:00,10.02001953125,0.0,230.0,62.1,0.0
2025-01-25 18:00:00,7.610015869140625,0.0,110.0,70.8,0.0
2025-01-25 21:00:00,6.709991455078125,0.0,0.0,73.6,0.0
2025-01-26 00:00:00,5.990020751953125,0.0,0.0,76.2,0.0
2025-01-26 03:00:00,5.33001708984375,0.0,0.0,78.3,0.0
2025-01-26 06:00:00,4.70001220703125,0.0,0.0,80.4,0.0
2025-01-26 09:00:00,7.52001953125,0.0,130.0,68.8,0.0
2025-01-26 12:00:00,10.3800048828125,0.0,240.0,59.3,0.0
2025-01-26 15:00:00,9.760009765625,0.0,200.0,63.2,0.0
2025-01-26 18:00:00,7.600006103515625,0.0,100.0,71.7,0.0
2025-01-26 21:00:00,6.6300048828125,0.0,0.0,75.6,0.0
2025-01-27 00:00:00,6.040008544921875,0.0,0.0,78.9,0.0
2025-01-27 03:00:00,5.57000732421875,0.03,0.0,82.0,0.0
2025-01-27 06:00:00,5.1400146484375,0.1,0.0,84.3,0.0
2025-01-27 09:00:00,8.010009765625,0.01,120.0,72.4,0.0
2025-01-27 12:00:00,11.02001953125,0.0,230.0,62.2,0.0
2025-01-27 15:00:00,10.399993896484377,0.0,190.0,66.4,0.0
2025-01-27 18:00:00,8.32000732421875,0.1,100.0,74.4,0.0
2025-01-27 21:00:00,7.290008544921875,0.1,0.0,78.9,0.0
2025-01-28 00:00:00,6.540008544921875,0.1,0.0,81.7,0.0
2025-01-28 03:00:00,5.920013427734375,0.0,0.0,83.8,0.0
2025-01-28 06:00:00,5.339996337890625,0.0,0.0,84.9,0.0
2025-01-28 09:00:00,8.600006103515625,0.0,140.0,70.7,0.0
2025-01-28 12:00:00,11.779998779296877,0.01,250.0,59.2,0.0
2025-01-28 15:00:00,11.209991455078123,0.0,210.0,62.3,0.0
2025-01-28 18:00:00,8.850006103515625,0.1,110.0,72.3,0.0
2025-01-28 21:00:00,7.959991455078125,0.0,0.0,75.5,0.0
2025-01-29 00:00:00,7.220001220703125,0.1,0.0,78.9,0.0
2025-01-29 03:00:00,6.69000244140625,0.7,0.0,83.2,0.0
2025-01-29 06:00:00,6.19000244140625,1.1,0.0,83.7,0.0
2025-01-29 09:00:00,8.20001220703125,0.62,100.0,73.9,0.0
2025-01-29 12:00:00,10.32000732421875,0.9,185.0,64.8,0.0
2025-01-29 15:00:00,9.760009765625,0.15,170.0,66.3,0.0
2025-01-29 18:00:00,7.75,0.4,90.0,75.3,0.0
2025-01-29 21:00:00,,,,,
2025-01-30 00:00:00,,,,,
2025-01-30 03:00:00,,,,,
2025-01-30 06:00:00,4.80999755859375,0.1,0.0,81.0,0.0
2025-01-30 09:00:00,7.209991455078125,0.1,110.0,71.0,0.0
2025-01-30 12:00:00,9.3900146484375,0.1,210.0,62.0,0.0
2025-01-30 15:00:00,8.839996337890625,0.1,180.0,64.0,0.0
2025-01-30 18:00:00,6.83001708984375,0.1,90.0,73.0,0.0
2025-01-30 21:00:00,6.07000732421875,0.1,0.0,76.1,0.0
2025-01-31 03:00:00,7.80999755859375,0.0,0.0,85.0,0.0
2025-01-31 06:00:00,6.920013427734375,0.0,0.0,87.5,0.0
2025-01-31 09:00:00,10.45001220703125,0.0,160.0,72.4,0.0
2025-01-31 12:00:00,13.3699951171875,0.0,270.0,58.0,0.0
2025-01-31 15:00:00,12.730010986328123,0.0,230.0,56.8,0.0
2025-01-31 18:00:00,9.6300048828125,0.0,120.0,66.8,0.0
2025-01-31 21:00:00,7.94000244140625,0.0,0.0,73.4,0.0
2025-02-01 00:00:00,6.670013427734375,0.0,0.0,76.4,0.0
2025-02-01 03:00:00,5.82000732421875,0.0,0.0,75.2,0.0
2025-02-01 06:00:00,4.8800048828125,0.0,0.0,73.2,0.0
2025-02-01 09:00:00,7.1199951171875,0.0,140.0,58.5,0.0
2025-02-01 12:00:00,9.8800048828125,0.0,273.0,46.4,0.0
2025-02-01 15:00:00,9.6300048828125,0.0,250.0,50.4,0.0
2025-02-01 18:00:00,7.040008544921875,0.0,130.0,63.0,0.0
2025-02-01 21:00:00,5.760009765625,0.0,0.0,69.5,0.0
2025-02-02 00:00:00,4.82000732421875,0.0,0.0,73.0,0.0
2025-02-02 03:00:00,4.19000244140625,0.0,0.0,75.7,0.0
2025-02-02 06:00:00,3.760009765625,0.0,0.0,77.4,0.0
2025-02-02 09:00:00,7.029998779296875,0.0,160.0,63.9,0.0
2025-02-02 12:00:00,9.670013427734377,0.0,275.0,54.0,0.0
2025-02-02 15:00:00,9.45001220703125,0.0,240.0,56.4,0.0
2025-02-02 18:00:00,6.649993896484375,0.0,124.0,68.3,0.0
2025-02-02 21:00:00,4.860015869140625,0.0,0.0,74.6,0.0
2025-02-03 00:00:00,3.730010986328125,0.0,0.0,76.9,0.0
2025-02-03 03:00:00,2.82000732421875,0.0,0.0,78.3,0.0
2025-02-03 06:00:00,1.95001220703125,0.0,0.0,78.7,0.0
2025-02-03 09:00:00,4.300018310546875,0.0,160.0,63.1,0.0
2025-02-03 12:00:00,6.589996337890625,0.0,287.0,49.7,0.0
2025-02-03 15:00:00,6.19000244140625,0.0,270.0,48.6,0.0
2025-02-03 18:00:00,3.649993896484375,0.0,136.0,58.3,0.0
2025-02-03 21:00:00,2.20001220703125,0.0,0.0,62.5,0.0
2025-02-04 00:00:00,0.980010986328125,0.0,0.0,67.0,0.0
2025-02-04 03:00:00,0.050018310546875,0.0,0.0,70.4,0.0
2025-02-04 06:00:00,-0.47998046875,0.0,0.0,72.1,0.0
2025-02-04 09:00:00,2.8699951171875,0.0,190.0,55.1,0.0
2025-02-04 12:00:00,5.420013427734375,0.0,320.0,43.6,0.0
2025-02-04 15:00:00,5.170013427734375,0.0,280.0,45.7,0.0
2025-02-04 18:00:00,2.69000244140625,0.0,150.0,56.8,0.0
2025-02-04 21:00:00,1.459991455078125,0.0,0.0,62.2,0.0
2025-02-05 00:00:00,0.480010986328125,0.0,0.0,66.6,0.0
2025-02-05 03:00:00,-0.259979248046875,0.0,0.0,70.2,0.0
2025-02-05 06:00:00,-0.889984130859375,0.0,0.0,71.5,0.0
2025-02-05 09:00:00,2.209991455078125,0.0,190.0,55.5,0.0
2025-02-05 12:00:00,4.470001220703125,0.0,324.0,46.3,0.0
2025-02-05 15:00:00,4.1300048828125,0.0,280.0,46.3,0.0
2025-02-05 18:00:00,1.600006103515625,0.0,140.0,56.2,0.0
2025-02-05 21:00:00,0.44000244140625,0.0,0.0,60.9,0.0
2025-02-06 00:00:00,-0.509979248046875,0.0,0.0,64.4,0.0
2025-02-06 03:00:00,-1.25,0.0,0.0,67.0,0.0
2025-02-06 06:00:00,-1.790008544921875,0.0,0.0,68.8,0.0
2025-02-06 09:00:00,1.3699951171875,0.0,200.0,53.1,0.0
2025-02-06 12:00:00,3.8800048828125,0.0,332.0,43.5,0.0
2025-02-06 15:00:00,3.6300048828125,0.01,290.0,45.7,0.0
2025-02-06 18:00:00,1.040008544921875,0.0,148.0,57.1,0.0
2025-02-06 21:00:00,0.160003662109375,0.0,0.0,60.1,0.0
2025-02-07 00:00:00,-0.54998779296875,0.0,0.0,63.2,0.0
2025-02-07 03:00:00,-1.139984130859375,0.0,0.0,65.4,0.0
2025-02-07 06:00:00,-1.57000732421875,0.0,0.0,68.1,0.0
2025-02-07 09:00:00,1.420013427734375,0.0,190.0,54.0,0.0
2025-02-07 12:00:00,3.760009765625,0.0,315.0,44.6,0.0
2025-02-07 15:00:00,3.510009765625,0.0,280.0,46.9,0.0
2025-02-07 18:00:00,1.050018310546875,0.0,140.0,56.5,0.0
2025-02-07 21:00:00,0.240020751953125,0.0,0.0,60.4,0.0
2025-02-08 00:00:00,-0.3800048828125,0.0,0.0,63.4,0.0
2025-02-08 03:00:00,-0.79998779296875,0.0,0.0,64.9,0.0
2025-02-08 06:00:00,-1.16998291015625,0.0,0.0,66.4,0.0
2025-02-08 09:00:00,,,,,
2025-02-08 12:00:00,4.20001220703125,0.1,289.0,46.8,0.0
2025-02-08 15:00:00,4.05999755859375,0.03,250.0,48.7,0.0
2025-02-08 18:00:00,1.77001953125,0.04,129.0,57.9,0.0
2025-02-08 21:00:00,0.920013427734375,0.03,0.0,62.8,0.0
2025-02-09 00:00:00,0.420013427734375,0.1,0.0,64.3,0.0
2025-02-09 03:00:00,0.040008544921875,0.03,0.0,65.2,0.0
2025-02-09 06:00:00,-0.350006103515625,0.1,0.0,68.7,0.0
2025-02-09 09:00:00,2.529998779296875,0.1,170.0,58.7,0.0
2025-02-09 12:00:00,4.970001220703125,0.2,289.0,51.7,0.0
2025-02-09 15:00:00,4.670013427734375,0.03,250.0,54.7,0.0
2025-02-09 18:00:00,2.33001708984375,0.1,131.0,64.1,0.0
2025-02-09 21:00:00,1.540008544921875,0.02,0.0,67.0,0.0
2025-02-10 03:00:00,-1.139984130859375,0.0,0.0,52.2,0.0
2025-02-10 06:00:00,-1.41998291015625,0.0,0.0,52.5,0.0
2025-02-10 09:00:00,1.6400146484375,0.0,200.0,39.2,0.0
2025-02-10 12:00:00,4.660003662109375,0.0,340.0,32.2,0.0
2025-02-10 15:00:00,4.740020751953125,0.0,320.0,32.4,0.0
2025-02-10 18:00:00,1.3800048828125,0.0,166.0,42.4,0.0
2025-02-10 21:00:00,-0.07000732421875,0.0,0.0,44.2,0.0
2025-02-11 00:00:00,-0.720001220703125,0.0,0.0,45.5,0.0
2025-02-11 03:00:00,-1.1300048828125,0.0,0.0,47.4,0.0
2025-02-11 06:00:00,-1.5,0.0,0.0,49.1,0.0
2025-02-11 09:00:00,2.209991455078125,0.0,230.0,38.7,0.0
2025-02-11 12:00:00,5.160003662109375,0.0,369.0,34.5,0.0
2025-02-11 15:00:00,4.6199951171875,0.0,330.0,37.3,0.0
2025-02-11 18:00:00,1.550018310546875,0.0,174.0,47.3,0.0
2025-02-11 21:00:00,0.610015869140625,0.0,0.0,49.1,0.0
2025-02-12 00:00:00,0.27001953125,0.0,0.0,47.7,0.0
2025-02-12 03:00:00,-0.100006103515625,0.0,0.0,48.2,0.0
2025-02-12 06:00:00,-0.6300048828125,0.0,0.0,50.6,0.0
2025-02-12 09:00:00,2.459991455078125,0.0,210.0,42.0,0.0
2025-02-12 12:00:00,5.3699951171875,0.0,349.0,36.8,0.0
2025-02-12 15:00:00,4.860015869140625,0.0,300.0,39.9,0.0
2025-02-12 18:00:00,2.32000732421875,0.0,156.0,48.4,0.0
2025-02-12 21:00:00,1.32000732421875,0.0,0.0,53.6,0.0
2025-02-13 00:00:00,0.920013427734375,0.1,0.0,57.6,0.0
2025-02-13 03:00:00,0.709991455078125,0.1,0.0,61.1,0.0
2025-02-13 06:00:00,0.75,0.2,0.0,63.6,0.0
2025-02-13 09:00:00,2.83001708984375,0.1,100.0,59.7,0.0
2025-02-13 12:00:00,5.6300048828125,0.3,189.0,57.3,0.0
2025-02-13 15:00:00,5.92999267578125,0.2,170.0,61.8,0.0
2025-02-13 18:00:00,4.17999267578125,0.5,88.0,69.3,0.0
2025-02-13 21:00:00,3.740020751953125,0.17,0.0,71.5,0.0
2025-02-14 00:00:00,3.160003662109375,0.3,0.0,74.7,0.0
2025-02-14 03:00:00,2.80999755859375,0.21,0.0,78.4,0.0
2025-02-14 06:00:00,2.730010986328125,0.4,0.0,81.7,0.0
2025-02-14 09:00:00,5.42999267578125,0.17,130.0,73.3,0.0
2025-02-14 12:00:00,8.3699951171875,0.3,224.0,64.1,0.0
2025-02-14 15:00:00,8.600006103515625,0.1,220.0,64.1,0.0
2025-02-14 18:00:00,6.089996337890625,0.3,115.0,72.6,0.0
2025-02-14 21:00:00,5.1199951171875,0.1,0.0,74.9,0.0
2025-02-15 00:00:00,4.420013427734375,0.5,0.0,79.0,0.0
2025-02-15 03:00:00,3.740020751953125,0.3,0.0,80.7,0.0
2025-02-15 06:00:00,3.02001953125,0.6,0.0,81.4,0.0
2025-02-15 09:00:00,4.92999267578125,0.36,150.0,68.8,0.0
2025-02-15 12:00:00,6.350006103515625,0.6,239.0,60.6,0.0
2025-02-15 15:00:00,6.010009765625,0.2,230.0,58.4,0.0
2025-02-15 18:00:00,3.550018310546875,0.4,120.0,64.2,0.0
2025-02-15 21:00:00,1.77001953125,0.1,0.0,64.8,0.0
2025-02-16 00:00:00,0.510009765625,0.2,0.0,65.7,0.0
2025-02-16 03:00:00,-0.3599853515625,0.3,0.0,66.0,0.0
2025-02-16 06:00:00,-1.16998291015625,0.8,0.0,66.8,0.0
2025-02-16 09:00:00,0.27001953125,0.34,180.0,58.0,0.0
2025-02-16 12:00:00,1.920013427734375,0.5,292.0,50.6,0.0
2025-02-16 15:00:00,1.470001220703125,0.11,280.0,49.4,0.0
2025-02-16 18:00:00,-0.600006103515625,0.1,148.0,54.5,0.0
2025-02-16 21:00:00,-1.6199951171875,0.0,0.0,54.1,0.0
2025-02-17 00:00:00,,,,,
2025-02-17 03:00:00,,,,,
2025-02-17 06:00:00,,,,,
2025-02-17 09:00:00,-0.80999755859375,0.0,240.0,44.6,0.0
2025-02-17 12:00:00,1.25,0.0,371.0,39.3,0.0
2025-02-17 15:00:00,0.990020751953125,0.0,320.0,41.8,0.0
2025-02-17 18:00:00,-1.3800048828125,0.0,166.0,52.6,0.0
2025-02-17 21:00:00,-2.209991455078125,0.0,0.0,56.7,0.0
2025-02-18 00:00:00,-2.519989013671875,0.1,0.0,57.9,0.0
2025-02-18 03:00:00,-2.8699951171875,0.12,0.0,60.0,0.0
2025-02-18 06:00:00,-3.1199951171875,0.2,1.0,61.0,0.0
2025-02-18 09:00:00,-0.3699951171875,0.04,220.0,49.4,0.0
2025-02-18 12:00:00,1.70001220703125,0.1,330.0,44.8,0.0
2025-02-18 15:00:00,1.52001953125,0.1,290.0,48.8,0.0
2025-02-18 18:00:00,-0.639984130859375,0.3,152.0,58.0,0.0
2025-02-18 21:00:00,-1.279998779296875,0.03,0.0,60.0,0.0
2025-02-19 00:00:00,-1.649993896484375,0.1,0.0,63.6,0.0
2025-02-19 03:00:00,-1.97998046875,0.1,0.0,65.7,0.0
2025-02-19 06:00:00,-1.94000244140625,0.15,1.0,64.9,0.0
2025-02-19 09:00:00,0.8699951171875,0.08,200.0,55.1,0.0
2025-02-19 12:00:00,2.92999267578125,0.1,308.0,51.0,0.0
2025-02-19 15:00:00,3.029998779296875,0.1,290.0,52.0,0.0
2025-02-19 18:00:00,0.83001708984375,0.1,150.0,60.5,0.0
2025-02-19 21:00:00,0.220001220703125,0.02,0.0,62.1,0.0
2025-02-20 03:00:00,-2.5899963,0.0,0.0,58.3,0.0
2025-02-20 06:00:00,-2.619995,0.0,1.0,59.1,0.0
2025-02-20 09:00:00,0.76000977,0.0,270.0,42.9,0.0
2025-02-20 12:00:00,3.1600037,0.0,417.0,33.8,0.0
2025-02-20 15:00:00,3.130005,0.0,380.0,32.2,0.0
2025-02-20 18:00:00,0.58999634,0.0,203.0,43.1,0.0
2025-02-20 21:00:00,-0.20999146,0.0,0.0,45.8,0.0
2025-02-21 00:00:00,-0.95999146,0.0,0.0,48.4,0.0
2025-02-21 03:00:00,-1.6000061,0.0,0.0,51.4,0.0
2025-02-21 06:00:00,-1.8699951,0.0,1.0,53.9,0.0
2025-02-21 09:00:00,1.8699951,0.0,280.0,41.3,0.0
2025-02-21 12:00:00,4.029999,0.0,420.0,37.1,0.0
2025-02-21 15:00:00,3.5100098,0.0,380.0,44.4,0.0
2025-02-21 18:00:00,-0.23999023,0.0,205.0,62.4,0.0
2025-02-21 21:00:00,-1.1999817,0.0,0.0,64.3,0.0
2025-02-22 00:00:00,-1.7900085,0.0,0.0,63.3,0.0
2025-02-22 03:00:00,-2.4100037,0.0,0.0,60.6,0.0
2025-02-22 06:00:00,-2.8599854,0.0,1.0,56.0,0.0
2025-02-22 09:00:00,0.36001587,0.0,290.0,42.7,0.0
2025-02-22 12:00:00,3.0,0.0,430.0,39.0,0.0
2025-02-22 15:00:00,2.1400146,0.0,380.0,43.8,0.0
2025-02-22 18:00:00,-1.0,0.0,206.0,51.9,0.0
2025-02-22 21:00:00,-1.6699829,0.02,0.0,53.2,0.0
2025-02-23 00:00:00,-1.9199829,0.1,0.0,55.8,0.0
2025-02-23 03:00:00,-2.169983,0.26,0.0,61.6,0.0
2025-02-23 06:00:00,-2.3599854,0.6,0.0,68.9,0.0
2025-02-23 09:00:00,-0.6499939,0.3,130.0,67.2,0.0
2025-02-23 12:00:00,1.5400085,0.4,210.0,63.4,0.0
2025-02-23 15:00:00,1.7099915,0.0,210.0,64.2,0.0
2025-02-23 18:00:00,0.0,0.1,112.0,67.6,0.0
2025-02-23 21:00:00,-0.6300049,0.0,0.0,66.8,0.0
2025-02-24 00:00:00,-1.0700073,0.0,0.0,66.4,0.0
2025-02-24 03:00:00,-1.5099792,0.02,0.0,67.1,0.0
2025-02-24 06:00:00,-1.7200012,0.1,1.0,67.9,0.0
2025-02-24 09:00:00,1.2099915,0.1,210.0,58.3,0.0
2025-02-24 12:00:00,3.9299927,0.1,320.0,55.1,0.0
2025-02-24 15:00:00,4.200012,0.0,290.0,57.6,0.0
2025-02-24 18:00:00,1.5700073,0.0,155.0,65.8,0.0
2025-02-24 21:00:00,0.74002075,0.1,0.0,67.3,0.0
2025-02-25 00:00:00,0.32000732,0.2,0.0,70.0,0.0
2025-02-25 03:00:00,0.17999268,0.1,0.0,72.5,0.0
2025-02-25 06:00:00,0.3500061,0.2,1.0,73.6,0.0
2025-02-25 09:00:00,3.880005,0.1,190.0,64.9,0.0
2025-02-25 12:00:00,7.0200195,0.2,296.0,60.7,0.0
2025-02-25 15:00:00,7.3000183,0.1,280.0,62.1,0.0
2025-02-25 18:00:00,4.51001,0.3,150.0,70.3,0.0
2025-02-25 21:00:00,3.369995,0.08,0.0,72.3,0.0
2025-02-26 00:00:00,2.7900085,0.1,0.0,74.4,0.0
2025-02-26 03:00:00,2.4500122,0.0,0.0,76.2,0.0
2025-02-26 06:00:00,2.4700012,0.0,1.0,76.4,0.0
2025-02-26 09:00:00,6.3000183,0.0,200.0,64.7,0.0
2025-02-26 12:00:00,9.809998,0.0,310.0,56.7,0.0
2025-02-26 15:00:00,9.940002,0.0,290.0,58.9,0.0
2025-02-26 18:00:00,7.0700073,0.1,156.0,68.7,0.0
2025-02-26 21:00:00,6.0700073,0.0,0.0,72.1,0.0
2025-02-27 00:00:00,5.360016,0.1,0.0,74.4,0.0
2025-02-27 03:00:00,4.8000183,0.2,0.0,77.2,0.0
2025-02-27 06:00:00,4.619995,0.2,1.0,78.1,0.0
2025-02-27 09:00:00,8.089996,0.1,200.0,66.6,0.0
2025-02-27 12:00:00,10.959991,0.3,290.0,59.1,0.0
2025-02-27 15:00:00,10.649994,0.2,250.0,60.9,0.0
2025-02-27 18:00:00,8.059998,0.5,135.0,70.6,0.0
2025-02-27 21:00:00,7.110016,0.2,0.0,74.5,0.0
2025-02-28 00:00:00,6.230011,0.3,0.0,78.2,0.0
2025-02-28 03:00:00,5.470001,0.2,0.0,81.4,0.0
2025-02-28 06:00:00,5.130005,0.4,2.0,82.3,0.0
2025-02-28 09:00:00,7.880005,0.2,160.0,71.7,0.0
2025-02-28 12:00:00,10.369995,0.4,250.0,62.2,0.0
2025-02-28 15:00:00,10.119995,0.3,230.0,64.0,0.0
2025-02-28 18:00:00,7.730011,0.6,123.0,72.4,0.0
2025-02-28 21:00:00,6.600006,0.15,0.0,74.8,0.0
2025-03-01 00:00:00,5.7400208,0.2,0.0,78.0,0.0
2025-03-01 03:00:00,4.9200134,0.13,0.0,80.3,0.0
2025-03-01 06:00:00,4.450012,0.3,2.0,82.2,0.0
2025-03-01 09:00:00,7.580017,0.13,210.0,69.6,0.0
2025-03-01 12:00:00,10.52002,0.2,320.0,56.6,0.0
2025-03-01 15:00:00,10.839996,0.0,320.0,54.7,0.0
2025-03-01 18:00:00,8.029999,0.1,173.0,64.7,0.0
2025-03-01 21:00:00,6.9299927,0.1,0.0,69.3,0.0
2025-03-02 03:00:00,5.200012,0.0,0.0,70.2,0.0
2025-03-02 06:00:00,3.8099976,0.0,3.0,75.0,0.0
2025-03-02 09:00:00,6.850006,0.0,320.0,58.7,0.0
2025-03-02 12:00:00,9.25,0.0,466.0,49.8,0.0
2025-03-02 15:00:00,9.110016,0.0,400.0,48.0,0.0
2025-03-02 18:00:00,6.399994,0.0,217.0,58.2,0.0
2025-03-02 21:00:00,4.9200134,0.0,0.0,67.7,0.0
2025-03-03 00:00:00,3.649994,0.0,0.0,71.4,0.0
2025-03-03 03:00:00,2.580017,0.0,0.0,73.5,0.0
2025-03-03 06:00:00,2.1900024,0.0,4.0,75.0,0.0
2025-03-03 09:00:00,6.75,0.0,330.0,53.5,0.0
2025-03-03 12:00:00,9.670013,0.0,472.0,40.8,0.0
2025-03-03 15:00:00,10.130005,0.0,430.0,39.0,0.0
2025-03-03 18:00:00,7.110016,0.0,233.0,52.1,0.0
2025-03-03 21:00:00,5.779999,0.0,0.0,57.2,0.0
2025-03-04 00:00:00,4.6600037,0.0,0.0,61.8,0.0
2025-03-04 03:00:00,3.7099915,0.0,0.0,65.7,0.0
2025-03-04 06:00:00,3.630005,0.0,4.0,67.8,0.0
2025-03-04 09:00:00,8.559998,0.0,330.0,49.4,0.0
2025-03-04 12:00:00,11.649994,0.0,477.0,39.4,0.0
2025-03-04 15:00:00,12.160004,0.0,430.0,38.2,0.0
2025-03-04 18:00:00,8.950012,0.0,236.0,51.9,0.0
2025-03-04 21:00:00,7.450012,0.0,0.0,58.0,0.0
2025-03-05 00:00:00,6.25,0.0,0.0,62.7,0.0
2025-03-05 03:00:00,5.2400208,0.0,0.0,66.3,0.0
2025-03-05 06:00:00,5.200012,0.0,5.0,67.4,0.0
2025-03-05 09:00:00,10.5,0.0,340.0,48.0,0.0
2025-03-05 12:00:00,13.980011,0.0,486.0,37.4,0.0
2025-03-05 15:00:00,14.589996,0.0,440.0,36.0,0.0
2025-03-05 18:00:00,10.77002,0.0,242.0,49.5,0.0
2025-03-05 21:00:00,9.160004,0.0,0.0,55.3,0.0
2025-03-06 00:00:00,7.8399963,0.0,0.0,59.6,0.0
2025-03-06 03:00:00,6.6600037,0.0,0.0,63.5,0.0
2025-03-06 06:00:00,6.5599976,0.0,6.0,65.1,0.0
2025-03-06 09:00:00,12.089996,0.0,350.0,46.3,0.0
2025-03-06 12:00:00,15.830017,0.0,496.0,35.0,0.0
2025-03-06 15:00:00,16.399994,0.0,450.0,32.8,0.0
2025-03-06 18:00:00,12.27002,0.0,247.0,45.7,0.0
2025-03-06 21:00:00,10.470001,0.0,0.0,51.9,0.0
2025-03-07 00:00:00,9.100006,0.0,0.0,56.9,0.0
2025-03-07 03:00:00,7.8900146,0.0,0.0,61.1,0.0
2025-03-07 06:00:00,7.4400024,0.0,10.0,64.0,0.0
2025-03-07 09:00:00,13.050018,0.0,340.0,45.3,0.0
2025-03-07 12:00:00,16.850006,0.0,473.0,34.1,0.0
2025-03-07 15:00:00,17.25,0.0,390.0,33.7,0.0
2025-03-07 18:00:00,13.25,0.0,214.0,45.0,0.0
2025-03-07 21:00:00,11.480011,0.0,0.0,51.2,0.0
2025-03-08 00:00:00,10.190002,0.0,0.0,56.1,0.0
2025-03-08 03:00:00,9.27002,0.0,0.0,60.0,0.0
2025-03-08 06:00:00,9.02002,0.0,0.0,62.6,0.0
2025-03-08 09:00:00,13.330017,0.0,260.0,47.4,0.0
2025-03-08 12:00:00,16.350006,0.0,379.0,37.9,0.0
2025-03-08 15:00:00,16.350006,0.0,330.0,37.9,0.0
2025-03-08 18:00:00,13.149994,0.0,181.0,48.5,0.0
2025-03-08 21:00:00,11.550018,0.0,0.0,55.0,0.0
2025-03-09 00:00:00,10.390015,0.0,0.0,59.7,0.0
2025-03-09 03:00:00,9.339996,0.0,0.0,64.3,0.0
2025-03-09 06:00:00,9.119995,0.0,10.0,66.5,0.0
2025-03-09 09:00:00,13.730011,0.0,320.0,51.1,0.0
2025-03-09 12:00:00,17.050018,0.0,456.0,41.8,0.0
2025-03-09 15:00:00,17.25,0.0,410.0,41.6,0.0
2025-03-09 18:00:00,13.649994,0.0,226.0,53.2,0.0
2025-03-09 21:00:00,12.25,0.0,0.0,57.9,0.0
2025-03-10 00:00:00,11.190002,0.0,0.0,62.6,0.0
2025-03-10 03:00:00,10.26001,0.03,0.0,66.5,0.0
2025-03-10 06:00:00,10.059998,0.1,7.0,67.7,0.0
2025-03-10 09:00:00,14.450012,0.0,310.0,53.8,0.0
2025-03-10 12:00:00,17.649994,0.0,436.0,45.3,0.0
2025-03-10 15:00:00,17.649994,0.1,370.0,46.5,0.0
2025-03-10 18:00:00,14.25,0.2,202.0,58.1,0.0
2025-03-10 21:00:00,12.589996,0.5,0.0,63.9,0.0
2025-03-11 00:00:00,11.450012,1.0,0.0,67.3,0.0
2025-03-11 03:00:00,10.459991,0.1,0.0,71.7,0.0
2025-03-11 06:00:00,10.149994,0.3,5.0,72.6,0.0
2025-03-11 09:00:00,14.070007,0.3,270.0,59.1,0.0
2025-03-11 12:00:00,16.850006,0.5,380.0,49.4,0.0
2025-03-11 15:00:00,16.25,0.44,310.0,51.9,0.0
2025-03-11 18:00:00,12.970001,0.7,175.0,62.8,0.0
2025-03-11 21:00:00,11.610016,0.2,0.0,68.5,0.0
2025-03-12 03:00:00,10.809998,0.04,0.0,81.5,0.0
2025-03-12 06:00:00,11.279999,0.43,5.0,86.9,0.0
2025-03-12 09:00:00,15.860016,0.39,300.0,71.3,1.0
2025-03-12 12:00:00,19.869995,0.59,428.0,52.4,1.0
2025-03-12 15:00:00,19.950012,0.18,340.0,50.0,0.0
2025-03-12 18:00:00,16.540009,0.2,186.0,62.9,0.0
2025-03-12 21:00:00,15.110016,0.23,0.0,71.3,0.0
2025-03-13 00:00:00,14.27002,0.9,0.0,76.5,1.0
2025-03-13 03:00:00,14.100006,0.93,0.0,76.6,1.0
2025-03-13 06:00:00,14.25,1.8,7.0,71.8,1.0
2025-03-13 09:00:00,18.649994,0.1,340.0,42.8,0.0
2025-03-13 12:00:00,20.450012,0.1,457.0,35.6,0.0
2025-03-13 15:00:00,19.149994,0.0,350.0,38.6,0.0
2025-03-13 18:00:00,15.77002,0.0,193.0,48.1,0.0
2025-03-13 21:00:00,14.350006,0.0,0.0,53.5,0.0
2025-03-14 00:00:00,13.119995,0.0,0.0,58.2,0.0
2025-03-14 03:00:00,12.029999,0.0,0.0,62.4,0.0
2025-03-14 06:00:00,12.170013,0.0,8.0,63.8,0.0
2025-03-14 09:00:00,16.570007,0.1,270.0,51.4,0.0
2025-03-14 12:00:00,18.450012,0.4,325.0,46.7,0.0
2025-03-14 15:00:00,18.640015,0.2,210.0,49.4,1.0
2025-03-14 18:00:00,17.080017,0.4,117.0,54.6,1.0
2025-03-14 21:00:00,15.970001,0.1,0.0,59.1,0.0
2025-03-15 00:00:00,15.309998,0.3,0.0,61.5,0.0
2025-03-15 03:00:00,14.720001,0.2,0.0,64.2,0.0
2025-03-15 06:00:00,14.580017,0.3,6.0,66.5,0.0
2025-03-15 09:00:00,18.540009,0.1,240.0,52.3,0.0
2025-03-15 12:00:00,20.75,0.31,331.0,44.6,0.0
2025-03-15 15:00:00,18.809998,0.81,230.0,53.8,0.0
2025-03-15 18:00:00,16.089996,1.2,126.0,64.3,1.0
2025-03-15 21:00:00,14.490021,0.9,0.0,71.3,0.0
2025-03-16 00:00:00,13.160004,1.7,0.0,76.5,1.0
2025-03-16 03:00:00,11.850006,1.06,0.0,80.8,1.0
2025-03-16 06:00:00,11.300018,2.1,5.0,81.5,1.0
2025-03-16 09:00:00,13.140015,1.47,190.0,71.5,1.0
2025-03-16 12:00:00,15.140015,2.4,305.0,61.6,1.0
2025-03-16 15:00:00,14.950012,0.66,290.0,61.6,0.0
2025-03-16 18:00:00,12.390015,1.6,160.0,71.9,1.0
2025-03-16 21:00:00,11.059998,0.8,0.0,76.8,0.0
2025-03-17 00:00:00,9.970001,1.1,0.0,79.0,0.0
2025-03-17 03:00:00,8.850006,0.31,0.0,79.8,0.0
2025-03-17 06:00:00,8.610016,0.5,8.0,78.2,0.0
2025-03-17 09:00:00,11.440002,0.3,290.0,63.9,0.0
2025-03-17 12:00:00,14.050018,0.6,410.0,54.0,0.0
2025-03-17 15:00:00,13.75,0.4,360.0,54.6,0.0
2025-03-17 18:00:00,11.050018,0.9,199.0,66.0,0.0
2025-03-17 21:00:00,9.490021,0.5,0.0,68.5,0.0
2025-03-18 00:00:00,8.399994,1.0,0.0,69.0,0.0
2025-03-18 03:00:00,7.369995,0.32,0.0,70.5,0.0
2025-03-18 06:00:00,7.119995,0.6,9.0,69.0,0.0
2025-03-18 09:00:00,9.790009,0.36,290.0,58.9,0.0
2025-03-18 12:00:00,11.649994,0.6,401.0,52.7,0.0
2025-03-18 15:00:00,11.050018,0.2,370.0,53.5,0.0
2025-03-18 18:00:00,8.450012,0.6,208.0,64.4,0.0
2025-03-18 21:00:00,7.4900208,0.4,0.0,68.1,0.0
2025-03-19 00:00:00,6.700012,0.7,0.0,71.3,0.0
2025-03-19 03:00:00,6.01001,0.17,0.0,71.8,0.0
2025-03-19 06:00:00,6.100006,0.3,10.0,70.0,0.0
2025-03-19 09:00:00,9.100006,0.11,330.0,58.3,0.0
2025-03-19 12:00:00,11.649994,0.4,468.0,50.5,0.0
2025-03-19 15:00:00,11.529999,0.1,430.0,50.7,0.0
2025-03-19 18:00:00,8.559998,0.1,244.0,61.6,0.0
2025-03-19 21:00:00,7.4400024,0.03,0.0,66.2,0.0
2025-03-20 00:00:00,6.720001,0.1,0.0,69.0,0.0
2025-03-20 03:00:00,6.080017,0.0,0.0,71.3,0.0
2025-03-20 06:00:00,6.580017,0.0,13.0,69.8,0.0
2025-03-20 09:00:00,11.279999,0.0,390.0,53.5,0.0
2025-03-20 12:00:00,14.75,0.0,533.0,42.1,0.0
2025-03-20 15:00:00,15.209991,0.0,480.0,40.6,0.0
2025-03-20 18:00:00,11.600006,0.0,271.0,51.9,0.0
2025-03-20 21:00:00,10.080017,0.12,0.0,58.3,0.0
2025-03-21 00:00:00,9.160004,0.2,0.0,61.1,0.0
2025-03-21 03:00:00,8.410004,0.0,0.0,64.1,0.0
2025-03-21 06:00:00,8.830017,0.1,12.0,64.2,0.0
2025-03-21 09:00:00,12.980011,0.1,330.0,52.2,0.0
2025-03-21 12:00:00,15.950012,0.1,450.0,44.8,0.0
2025-03-21 15:00:00,15.950012,0.1,410.0,45.6,0.0
2025-03-21 18:00:00,12.809998,0.2,230.0,54.8,0.0
2025-03-21 21:00:00,11.450012,0.04,0.0,59.0,0.0
2025-03-22 03:00:00,10.920013,0.01,0.0,46.5,0.0
2025-03-22 06:00:00,10.5,0.1,7.0,52.5,0.0
2025-03-22 09:00:00,14.190002,0.03,290.0,45.6,0.0
2025-03-22 12:00:00,17.040009,0.0,390.0,41.9,0.0
2025-03-22 15:00:00,16.850006,0.1,310.0,44.2,0.0
2025-03-22 18:00:00,13.100006,0.9,169.0,63.6,1.0
2025-03-22 21:00:00,12.059998,0.1,0.0,67.6,0.0
2025-03-23 00:00:00,11.290009,0.1,0.0,68.7,0.0
2025-03-23 03:00:00,10.570007,0.0,0.0,70.5,0.0
2025-03-23 06:00:00,10.779999,0.0,11.0,67.5,0.0
2025-03-23 09:00:00,14.470001,0.02,290.0,55.3,0.0
2025-03-23 12:00:00,16.190002,0.3,331.0,52.1,0.0
2025-03-23 15:00:00,15.850006,0.0,240.0,56.8,0.0
2025-03-23 18:00:00,13.600006,0.1,142.0,65.2,0.0
2025-03-23 21:00:00,13.02002,0.0,0.0,69.3,0.0
2025-03-24 00:00:00,12.190002,0.1,0.0,73.2,0.0
2025-03-24 03:00:00,11.550018,0.0,0.0,75.2,0.0
2025-03-24 06:00:00,12.149994,0.1,15.0,72.0,0.0
2025-03-24 09:00:00,16.690002,0.1,350.0,56.7,0.0
2025-03-24 12:00:00,19.050018,0.45,418.0,51.7,1.0
2025-03-24 15:00:00,18.350006,0.44,240.0,56.1,1.0
2025-03-24 18:00:00,14.899994,1.5,133.0,72.9,1.0
2025-03-24 21:00:00,13.679993,0.7,0.0,78.3,1.0
2025-03-25 00:00:00,12.660004,1.1,0.0,81.8,1.0
2025-03-25 03:00:00,11.820007,0.51,0.0,84.1,0.0
2025-03-25 06:00:00,12.350006,1.1,12.0,81.0,1.0
2025-03-25 09:00:00,15.450012,0.4,270.0,64.7,1.0
2025-03-25 12:00:00,17.950012,0.6,397.0,53.1,1.0
2025-03-25 15:00:00,17.850006,0.13,380.0,52.8,0.0
2025-03-25 18:00:00,14.450012,0.6,215.0,68.1,0.0
2025-03-25 21:00:00,13.050018,0.17,0.0,75.2,0.0
2025-03-26 00:00:00,12.01001,0.3,0.0,79.6,0.0
2025-03-26 03:00:00,11.200012,0.36,0.0,82.0,0.0
2025-03-26 06:00:00,11.550018,1.0,11.0,79.9,1.0
2025-03-26 09:00:00,14.75,0.65,280.0,64.5,0.0
2025-03-26 12:00:00,16.850006,1.4,377.0,56.2,1.0
2025-03-26 15:00:00,16.350006,0.7,320.0,58.1,1.0
2025-03-26 18:00:00,13.550018,1.4,179.0,69.7,1.0
2025-03-26 21:00:00,12.25,0.24,0.0,74.2,0.0
2025-03-27 00:00:00,11.160004,0.7,0.0,79.2,0.0
2025-03-27 03:00:00,10.380005,0.45,0.0,81.6,0.0
2025-03-27 06:00:00,10.450012,1.3,10.0,82.1,0.0
2025-03-27 09:00:00,12.450012,1.1,200.0,71.7,1.0
2025-03-27 12:00:00,13.649994,2.4,261.0,66.6,1.0
2025-03-27 15:00:00,13.050018,1.1,200.0,69.6,1.0
2025-03-27 18:00:00,11.25,2.2,114.0,78.5,1.0
2025-03-27 21:00:00,10.279999,1.9,0.0,82.6,1.0
2025-03-28 00:00:00,9.570007,3.4,0.0,84.8,1.0
2025-03-28 03:00:00,8.959991,1.7,0.0,86.1,1.0
2025-03-28 06:00:00,8.850006,3.7,7.0,84.4,1.0
2025-03-28 09:00:00,10.450012,1.5,160.0,74.8,1.0
2025-03-28 12:00:00,12.050018,2.5,243.0,66.8,1.0
2025-03-28 15:00:00,12.050018,0.9,250.0,65.7,1.0
2025-03-28 18:00:00,9.850006,1.6,147.0,75.3,1.0
2025-03-28 21:00:00,9.040009,0.4,0.0,78.8,0.0
2025-03-29 00:00:00,8.300018,0.8,0.0,80.6,0.0
2025-03-29 03:00:00,7.600006,0.4,0.0,82.7,0.0
2025-03-29 06:00:00,8.25,0.8,14.0,80.7,0.0
2025-03-29 09:00:00,11.450012,0.42,290.0,66.8,0.0
2025-03-29 12:00:00,13.75,0.6,401.0,56.5,0.0
2025-03-29 15:00:00,13.75,0.14,350.0,55.8,0.0
2025-03-29 18:00:00,10.950012,0.3,202.0,67.7,0.0
2025-03-29 21:00:00,9.820007,0.3,0.0,72.4,0.0
2025-03-30 00:00:00,9.02002,0.4,0.0,76.1,0.0
2025-03-30 03:00:00,8.240021,0.2,0.0,79.8,0.0
2025-03-30 06:00:00,9.149994,0.4,17.0,77.4,0.0
2025-03-30 09:00:00,12.850006,0.12,340.0,61.8,0.0
2025-03-30 12:00:00,15.149994,0.3,453.0,53.1,0.0
2025-03-30 15:00:00,15.350006,0.3,410.0,53.1,0.0
2025-03-30 18:00:00,12.110016,0.5,237.0,66.9,0.0
2025-03-30 21:00:00,10.720001,0.1,0.0,72.2,0.0
2025-03-31 00:00:00,9.75,0.1,0.0,75.7,0.0
2025-03-31 03:00:00,8.910004,0.4,0.0,78.8,0.0
2025-03-31 06:00:00,9.649994,0.7,17.0,75.7,0.0
2025-03-31 09:00:00,13.149994,0.2,340.0,61.9,0.0
2025-03-31 12:00:00,15.350006,0.4,440.0,53.3,0.0
2025-03-31 15:00:00,14.950012,0.45,390.0,55.7,0.0
2025-03-31 18:00:00,11.75,0.8,229.0,69.0,1.0
2025-03-31 21:00:00,10.550018,0.5,0.0,73.3,0.0
2025-04-01 03:00:00,6.290008544921875,0.0,0.0,90.3,0.0
2025-04-01 06:00:00,7.290008544921875,0.0,14.0,88.4,0.0
2025-04-01 09:00:00,8.850006103515625,0.8,130.0,86.1,1.0
2025-04-01 12:00:00,13.25,1.1,190.0,71.4,1.0
2025-04-01 15:00:00,15.550018310546877,0.8,380.0,64.6,1.0
2025-04-01 18:00:00,12.550018310546877,3.4,213.0,81.1,1.0
2025-04-01 21:00:00,11.550018310546877,1.48,0.0,85.4,1.0
2025-04-02 00:00:00,10.32000732421875,1.6,0.0,85.4,1.0
2025-04-02 03:00:00,9.67999267578125,0.07,0.0,85.1,0.0
2025-04-02 06:00:00,9.850006103515623,0.1,8.0,82.7,0.0
2025-04-02 09:00:00,12.550018310546877,0.0,200.0,72.0,0.0
2025-04-02 12:00:00,16.45001220703125,0.1,400.0,55.7,0.0
2025-04-02 15:00:00,15.850006103515623,0.23,470.0,56.4,1.0
2025-04-02 18:00:00,11.75,0.3,273.0,72.7,1.0
2025-04-02 21:00:00,9.850006103515623,0.0,0.0,78.8,0.0
2025-04-03 00:00:00,8.850006103515625,0.0,0.0,81.8,0.0
2025-04-03 03:00:00,8.25,0.1,0.0,83.4,0.0
2025-04-03 06:00:00,8.850006103515625,0.2,17.0,79.4,0.0
2025-04-03 09:00:00,11.550018310546877,0.1,290.0,67.1,0.0
2025-04-03 12:00:00,13.25,0.5,349.0,61.6,1.0
2025-04-03 15:00:00,13.75,0.5,370.0,60.0,1.0
2025-04-03 18:00:00,10.95001220703125,0.8,216.0,72.7,1.0
2025-04-03 21:00:00,9.649993896484377,0.11,0.0,78.1,0.0
2025-04-04 00:00:00,8.550018310546875,0.2,0.0,82.5,0.0
2025-04-04 03:00:00,7.550018310546875,0.13,0.0,86.3,0.0
2025-04-04 06:00:00,8.850006103515625,0.2,22.0,82.2,0.0
2025-04-04 09:00:00,12.95001220703125,0.0,370.0,65.8,0.0
2025-04-04 12:00:00,15.649993896484377,0.3,495.0,54.7,0.0
2025-04-04 15:00:00,,,,,
2025-04-04 18:00:00,12.550018310546877,0.5,278.0,67.3,0.0
2025-04-04 21:00:00,10.850006103515623,0.0,0.0,75.5,0.0
2025-04-05 00:00:00,9.550018310546877,0.1,0.0,81.5,0.0
2025-04-05 03:00:00,8.649993896484375,0.1,0.0,85.6,0.0
2025-04-05 06:00:00,10.050018310546877,0.1,27.0,80.6,0.0
2025-04-05 09:00:00,14.850006103515623,0.1,450.0,60.8,0.0
2025-04-05 12:00:00,17.350006103515625,0.6,558.0,49.6,1.0
2025-04-05 15:00:00,17.149993896484375,0.5,470.0,49.4,0.0
2025-04-05 18:00:00,13.25,0.8,277.0,64.2,1.0
2025-04-05 21:00:00,10.75,0.6,0.0,70.9,1.0
2025-04-06 00:00:00,8.75,1.8,0.0,73.0,1.0
2025-04-06 03:00:00,6.550018310546875,0.8,0.0,73.7,1.0
2025-04-06 06:00:00,5.550018310546875,1.64,17.0,71.9,1.0
2025-04-06 09:00:00,6.350006103515625,0.7,300.0,66.2,0.0
2025-04-06 12:00:00,7.75,1.3,409.0,58.1,1.0
2025-04-06 15:00:00,7.350006103515625,0.6,400.0,55.7,1.0
2025-04-06 18:00:00,5.050018310546875,1.3,232.0,65.3,0.0
2025-04-06 21:00:00,3.75,0.2,0.0,69.8,0.0
2025-04-07 00:00:00,2.649993896484375,0.3,0.0,72.4,0.0
2025-04-07 03:00:00,1.550018310546875,0.17,0.0,75.5,0.0
2025-04-07 06:00:00,2.550018310546875,0.3,27.0,68.0,0.0
2025-04-07 09:00:00,6.25,0.1,440.0,51.2,0.0
2025-04-07 12:00:00,8.350006103515625,0.3,560.0,45.5,0.0
2025-04-07 15:00:00,8.149993896484375,0.3,480.0,48.4,0.0
2025-04-07 18:00:00,5.050018310546875,0.6,280.0,61.1,0.0
2025-04-07 21:00:00,3.850006103515625,0.3,0.0,65.0,0.0
2025-04-08 00:00:00,3.08001708984375,0.5,0.0,68.2,0.0
2025-04-08 03:00:00,2.25,0.22,0.0,72.2,0.0
2025-04-08 06:00:00,3.95001220703125,0.36,28.0,67.3,0.0
2025-04-08 09:00:00,8.25,0.09,430.0,54.6,0.0
2025-04-08 12:00:00,10.149993896484377,0.5,520.0,51.4,0.0
2025-04-08 15:00:00,10.149993896484377,0.5,430.0,54.7,0.0
2025-04-08 18:00:00,7.050018310546875,0.8,254.0,66.7,1.0
2025-04-08 21:00:00,5.45001220703125,0.23,0.0,70.5,0.0
2025-04-09 00:00:00,4.339996337890625,0.3,0.0,72.5,0.0
2025-04-09 03:00:00,3.350006103515625,0.2,0.0,76.1,0.0
2025-04-09 06:00:00,4.75,0.7,28.0,70.9,0.0
2025-04-09 09:00:00,8.649993896484375,0.57,410.0,56.4,0.0
2025-04-09 12:00:00,10.149993896484377,1.0,493.0,53.3,0.0
2025-04-09 15:00:00,10.350006103515623,0.22,450.0,50.8,0.0
2025-04-09 18:00:00,7.25,0.4,269.0,62.3,0.0
2025-04-09 21:00:00,5.850006103515625,0.1,0.0,66.8,0.0
2025-04-10 00:00:00,4.75,0.2,0.0,71.3,0.0
2025-04-10 03:00:00,3.75,0.0,0.0,74.2,0.0
2025-04-10 06:00:00,5.45001220703125,0.1,31.0,68.5,0.0
2025-04-10 09:00:00,9.649993896484377,0.17,440.0,53.7,0.0
2025-04-10 12:00:00,12.45001220703125,0.5,559.0,44.8,0.0
2025-04-10 15:00:00,12.550018310546877,0.2,490.0,45.5,0.0
2025-04-10 18:00:00,8.95001220703125,0.2,289.0,58.3,0.0
2025-04-10 21:00:00,7.550018310546875,0.0,0.0,63.4,0.0
2025-04-11 03:00:00,2.149993896484375,0.0,0.0,50.2,0.0
2025-04-11 06:00:00,4.95001220703125,0.0,40.0,60.6,0.0
2025-04-11 09:00:00,12.149993896484377,0.0,520.0,53.1,0.0
2025-04-11 12:00:00,,,,,
2025-04-11 15:00:00,16.95001220703125,0.0,480.0,47.3,0.0
2025-04-11 18:00:00,13.550018310546877,0.0,275.0,56.7,0.0
2025-04-11 21:00:00,12.350006103515623,0.05,0.0,59.1,0.0
2025-04-12 00:00:00,9.95001220703125,0.1,0.0,69.4,0.0
2025-04-12 03:00:00,8.050018310546875,0.03,0.0,77.4,0.0
2025-04-12 06:00:00,9.45001220703125,0.02,39.0,73.1,0.0
2025-04-12 09:00:00,14.149993896484377,0.02,530.0,53.7,0.0
2025-04-12 12:00:00,15.95001220703125,0.0,592.0,47.5,0.0
2025-04-12 15:00:00,16.25,0.0,450.0,47.0,0.0
2025-04-12 18:00:00,12.149993896484377,0.0,274.0,62.6,0.0
2025-04-12 21:00:00,10.25,0.0,0.0,69.8,0.0
2025-04-13 00:00:00,9.050018310546877,0.0,0.0,74.6,0.0
2025-04-13 03:00:00,8.050018310546875,0.0,0.0,78.6,0.0
2025-04-13 06:00:00,10.25,0.0,44.0,72.0,0.0
2025-04-13 09:00:00,16.050018310546875,0.0,560.0,53.4,0.0
2025-04-13 12:00:00,19.95001220703125,0.0,689.0,41.4,0.0
2025-04-13 15:00:00,20.14999389648437,0.0,570.0,42.0,0.0
2025-04-13 18:00:00,15.050018310546877,0.0,342.0,57.8,0.0
2025-04-13 21:00:00,13.550018310546877,0.0,0.0,59.6,0.0
2025-04-14 00:00:00,12.550018310546877,0.0,0.0,62.3,0.0
2025-04-14 03:00:00,11.75,0.1,0.0,65.0,0.0
2025-04-14 06:00:00,12.149993896484377,0.1,23.0,65.9,0.0
2025-04-14 09:00:00,15.350006103515623,0.0,320.0,59.1,0.0
2025-04-14 12:00:00,18.050018310546875,0.0,416.0,54.1,0.0
2025-04-14 15:00:00,18.050018310546875,0.05,360.0,56.6,0.0
2025-04-14 18:00:00,15.350006103515623,0.1,211.0,60.0,0.0
2025-04-14 21:00:00,14.550018310546877,0.0,0.0,58.6,0.0
2025-04-15 00:00:00,13.75,0.0,0.0,60.1,0.0
2025-04-15 03:00:00,12.850006103515623,0.08,0.0,64.3,0.0
2025-04-15 06:00:00,12.25,0.3,10.0,69.0,0.0
2025-04-15 09:00:00,13.050018310546877,0.21,120.0,69.1,0.0
2025-04-15 12:00:00,14.350006103515623,0.3,166.0,66.7,0.0
2025-04-15 15:00:00,14.45001220703125,0.1,180.0,66.8,0.0
2025-04-15 18:00:00,13.649993896484377,0.2,112.0,68.7,0.0
2025-04-15 21:00:00,13.350006103515623,0.0,0.0,68.5,0.0
2025-04-16 00:00:00,13.010009765625,0.1,0.0,68.5,0.0
2025-04-16 03:00:00,12.27001953125,0.0,0.0,70.5,0.0
2025-04-16 06:00:00,13.050018310546877,0.1,35.0,69.3,0.0
2025-04-16 09:00:00,17.350006103515625,0.01,490.0,59.3,0.0
2025-04-16 12:00:00,20.550018310546875,0.0,626.0,52.5,0.0
2025-04-16 15:00:00,19.95001220703125,0.1,560.0,54.9,0.0
2025-04-16 18:00:00,16.25,0.2,333.0,61.1,0.0
2025-04-16 21:00:00,15.649993896484377,0.08,0.0,59.5,0.0
2025-04-17 00:00:00,14.77001953125,0.2,0.0,62.3,0.0
2025-04-17 03:00:00,13.550018310546877,0.39,0.0,66.9,0.0
2025-04-17 06:00:00,13.850006103515623,0.6,34.0,67.2,0.0
2025-04-17 09:00:00,17.550018310546875,0.12,440.0,58.9,0.0
2025-04-17 12:00:00,20.25,0.22,527.0,53.4,0.0
2025-04-17 15:00:00,19.050018310546875,0.86,410.0,58.5,0.0
2025-04-17 18:00:00,,,,,
2025-04-17 21:00:00,15.45001220703125,0.4,0.0,66.1,0.0
2025-04-18 00:00:00,14.420013427734377,0.8,0.0,69.6,1.0
2025-04-18 03:00:00,13.19000244140625,0.53,0.0,73.5,1.0
2025-04-18 06:00:00,13.75,0.9,26.0,71.7,1.0
2025-04-18 09:00:00,16.45001220703125,0.42,340.0,61.9,0.0
2025-04-18 12:00:00,18.45001220703125,1.0,430.0,56.6,1.0
2025-04-18 15:00:00,18.45001220703125,0.35,430.0,56.0,0.0
2025-04-18 18:00:00,15.149993896484377,0.7,256.0,67.7,0.0
2025-04-18 21:00:00,13.850006103515623,1.0,0.0,72.5,0.0
2025-04-19 00:00:00,12.92999267578125,1.3,0.0,75.4,0.0
2025-04-19 03:00:00,11.92999267578125,0.1,0.0,78.1,0.0
2025-04-19 06:00:00,13.45001220703125,0.3,35.0,74.5,0.0
2025-04-19 09:00:00,17.550018310546875,0.1,450.0,59.0,0.0
2025-04-19 12:00:00,20.350006103515625,0.3,580.0,49.7,0.0
2025-04-19 15:00:00,20.45001220703125,0.2,530.0,49.0,0.0
2025-04-19 18:00:00,16.149993896484375,0.4,322.0,63.8,0.0
2025-04-19 21:00:00,14.1400146484375,0.2,0.0,71.3,0.0
2025-04-20 00:00:00,12.95001220703125,0.3,0.0,76.3,0.0
2025-04-20 03:00:00,12.08001708984375,0.1,0.0,79.6,0.0
2025-04-20 06:00:00,14.45001220703125,0.2,45.0,72.0,0.0
2025-04-20 09:00:00,19.350006103515625,0.0,520.0,54.6,0.0
2025-04-20 12:00:00,22.25,0.1,650.0,43.8,0.0
2025-04-20 15:00:00,22.350006103515625,0.03,560.0,43.0,0.0
2025-04-20 18:00:00,17.550018310546875,0.1,343.0,59.8,0.0
2025-04-20 21:00:00,15.350006103515623,0.2,0.0,68.4,0.0
2025-04-21 03:00:00,13.95001220703125,0.38,0.0,73.6,1.0
2025-04-21 06:00:00,17.149993896484375,0.6,50.0,66.5,1.0
2025-04-21 09:00:00,23.050018310546875,0.0,560.0,47.7,0.0
2025-04-21 12:00:00,26.14999389648437,0.0,686.0,35.5,0.0
2025-04-21 15:00:00,25.850006103515625,0.0,560.0,35.3,0.0
2025-04-21 18:00:00,20.64999389648437,0.01,340.0,49.8,0.0
2025-04-21 21:00:00,18.050018310546875,0.1,0.0,60.3,0.0
2025-04-22 00:00:00,16.25,0.5,0.0,68.7,0.0
2025-04-22 03:00:00,14.95001220703125,0.5,0.0,75.4,0.0
2025-04-22 06:00:00,17.45001220703125,1.0,48.0,69.5,1.0
2025-04-22 09:00:00,22.350006103515625,0.27,540.0,53.5,0.0
2025-04-22 12:00:00,25.550018310546875,0.3,675.0,41.9,0.0
2025-04-22 15:00:00,25.050018310546875,0.01,540.0,43.3,0.0
2025-04-22 18:00:00,20.64999389648437,0.1,323.0,58.3,0.0
2025-04-22 21:00:00,17.95001220703125,0.8,0.0,69.9,0.0
2025-04-23 00:00:00,16.350006103515625,1.3,0.0,77.7,0.0
2025-04-23 03:00:00,14.95001220703125,0.3,0.0,84.0,0.0
2025-04-23 06:00:00,17.25,0.9,48.0,76.0,0.0
2025-04-23 09:00:00,21.75,0.3,530.0,59.0,0.0
2025-04-23 12:00:00,24.550018310546875,0.7,657.0,46.7,1.0
2025-04-23 15:00:00,24.050018310546875,0.32,520.0,47.7,0.0
2025-04-23 18:00:00,19.75,0.8,311.0,63.8,0.0
2025-04-23 21:00:00,17.350006103515625,1.22,0.0,74.8,1.0
2025-04-24 00:00:00,15.850006103515623,1.9,0.0,80.6,1.0
2025-04-24 03:00:00,14.649993896484377,0.61,0.0,84.2,1.0
2025-04-24 06:00:00,16.850006103515625,1.2,47.0,76.9,1.0
2025-04-24 09:00:00,20.75,0.46,500.0,60.9,0.0
2025-04-24 12:00:00,23.25,1.1,614.0,49.9,1.0
2025-04-24 15:00:00,21.850006103515625,1.09,480.0,54.8,0.0
2025-04-24 18:00:00,17.350006103515625,3.7,283.0,70.5,1.0
2025-04-24 21:00:00,15.350006103515623,2.2,0.0,76.8,1.0
2025-04-25 00:00:00,14.029998779296877,3.3,0.0,80.4,1.0
2025-04-25 03:00:00,12.8900146484375,0.5,0.0,83.0,0.0
2025-04-25 06:00:00,13.95001220703125,1.2,33.0,79.3,0.0
2025-04-25 09:00:00,16.550018310546875,0.83,360.0,68.2,0.0
2025-04-25 12:00:00,18.550018310546875,1.7,457.0,59.5,1.0
2025-04-25 15:00:00,18.050018310546875,1.0,420.0,61.9,1.0
2025-04-25 18:00:00,14.850006103515623,1.9,256.0,76.4,1.0
2025-04-25 21:00:00,13.339996337890623,1.2,0.0,82.5,1.0
2025-04-26 00:00:00,12.209991455078123,1.9,0.0,85.5,1.0
2025-04-26 03:00:00,11.490020751953123,0.32,0.0,85.7,0.0
2025-04-26 06:00:00,12.45001220703125,0.6,30.0,81.1,0.0
2025-04-26 09:00:00,14.350006103515623,0.31,290.0,72.4,0.0
2025-04-26 12:00:00,16.649993896484375,0.7,401.0,62.1,1.0
2025-04-26 15:00:00,16.25,0.69,400.0,63.7,1.0
2025-04-26 18:00:00,,,,,
2025-04-26 21:00:00,,,,,
2025-04-27 00:00:00,10.3800048828125,0.6,0.0,77.6,0.0
2025-04-27 03:00:00,9.300018310546877,0.11,0.0,78.3,0.0
2025-04-27 06:00:00,10.850006103515623,0.2,41.0,72.0,0.0
2025-04-27 09:00:00,13.850006103515623,0.1,390.0,61.5,0.0
2025-04-27 12:00:00,16.45001220703125,0.1,510.0,53.1,0.0
2025-04-27 15:00:00,16.45001220703125,0.1,500.0,54.3,0.0
2025-04-27 18:00:00,12.95001220703125,0.2,312.0,67.4,0.0
2025-04-27 21:00:00,11.45001220703125,0.1,0.0,72.3,0.0
2025-04-28 00:00:00,10.5,0.1,0.0,74.3,0.0
2025-04-28 03:00:00,9.649993896484377,0.05,0.0,75.6,0.0
2025-04-28 06:00:00,11.850006103515623,0.1,52.0,67.8,0.0
2025-04-28 09:00:00,15.95001220703125,0.02,540.0,52.8,0.0
2025-04-28 12:00:00,17.75,0.1,654.0,46.9,0.0
2025-04-28 15:00:00,17.350006103515625,0.04,530.0,48.9,0.0
2025-04-28 18:00:00,13.649993896484377,0.1,323.0,60.9,0.0
2025-04-28 21:00:00,12.149993896484377,0.1,0.0,64.7,0.0
2025-04-29 00:00:00,10.860015869140623,0.2,0.0,69.9,0.0
2025-04-29 03:00:00,9.82000732421875,0.18,0.0,72.9,0.0
2025-04-29 06:00:00,12.050018310546877,0.43,46.0,67.6,0.0
2025-04-29 09:00:00,15.850006103515623,0.1,480.0,55.2,0.0
2025-04-29 12:00:00,18.350006103515625,0.3,596.0,47.7,0.0
2025-04-29 15:00:00,18.14999389648437,0.24,530.0,48.5,0.0
2025-04-29 18:00:00,14.050018310546877,0.4,327.0,62.8,0.0
2025-04-29 21:00:00,12.27001953125,0.19,0.0,67.1,0.0
2025-04-30 00:00:00,10.910003662109377,0.3,0.0,71.0,0.0
2025-04-30 03:00:00,9.67999267578125,0.0,0.0,74.9,0.0
2025-04-30 06:00:00,12.25,0.0,57.0,67.4,0.0
2025-04-30 09:00:00,16.550018310546875,0.03,540.0,53.0,0.0
2025-04-30 12:00:00,19.25,0.2,648.0,45.0,0.0
2025-04-30 15:00:00,19.050018310546875,0.2,530.0,47.1,0.0
2025-04-30 18:00:00,14.95001220703125,0.7,328.0,60.8,0.0
2025-04-30 21:00:00,12.920013427734377,0.3,0.0,67.3,0.0
2025-05-01 03:00:00,12.83001708984375,0.0,0.0,68.1,0.0
2025-05-01 06:00:00,16.3699951171875,0.0,66.0,61.4,0.0
2025-05-01 09:00:00,21.82000732421875,0.0,620.0,48.5,0.0
2025-05-01 12:00:00,24.3800048828125,0.01,705.0,41.5,0.0
2025-05-01 15:00:00,24.050018310546875,0.0,540.0,43.0,0.0
2025-05-01 18:00:00,18.990020751953125,0.0,346.0,61.7,0.0
2025-05-01 21:00:00,16.399993896484375,0.0,0.0,70.0,0.0
2025-05-02 00:00:00,14.45001220703125,0.0,0.0,74.5,0.0
2025-05-02 03:00:00,12.8800048828125,0.0,0.0,80.4,0.0
2025-05-02 06:00:00,16.55999755859375,0.0,70.0,67.6,0.0
2025-05-02 09:00:00,21.990020751953125,0.0,630.0,50.3,0.0
2025-05-02 12:00:00,25.050018310546875,0.0,747.0,38.6,0.0
2025-05-02 15:00:00,25.07000732421875,0.0,640.0,35.7,0.0
2025-05-02 18:00:00,19.990020751953125,0.0,397.0,52.0,0.0
2025-05-02 21:00:00,17.149993896484375,0.0,0.0,63.1,0.0
2025-05-03 00:00:00,15.490020751953123,0.0,0.0,69.6,0.0
2025-05-03 03:00:00,14.040008544921877,0.0,0.0,74.6,0.0
2025-05-03 06:00:00,17.350006103515625,0.0,69.0,66.7,0.0
2025-05-03 09:00:00,23.550018310546875,0.0,610.0,47.0,0.0
2025-05-03 12:00:00,26.850006103515625,0.0,728.0,34.4,0.0
2025-05-03 15:00:00,27.14999389648437,0.0,620.0,33.9,0.0
2025-05-03 18:00:00,21.75,0.0,381.0,47.4,0.0
2025-05-03 21:00:00,19.45001220703125,0.0,0.0,53.7,0.0
2025-05-04 00:00:00,17.70001220703125,0.0,0.0,61.3,0.0
2025-05-04 03:00:00,16.279998779296875,0.0,0.0,66.7,0.0
2025-05-04 06:00:00,19.14999389648437,0.0,57.0,60.5,0.0
2025-05-04 09:00:00,24.050018310546875,0.02,500.0,44.6,0.0
2025-05-04 12:00:00,26.550018310546875,0.0,609.0,37.4,0.0
2025-05-04 15:00:00,26.050018310546875,0.0,540.0,40.1,0.0
2025-05-04 18:00:00,21.45001220703125,0.1,338.0,53.7,0.0
2025-05-04 21:00:00,19.14999389648437,0.43,0.0,62.7,0.0
2025-05-05 00:00:00,17.8900146484375,0.56,0.0,66.9,1.0
2025-05-05 03:00:00,17.040008544921875,0.16,0.0,69.2,0.0
2025-05-05 06:00:00,19.050018310546875,0.3,43.0,65.6,0.0
2025-05-05 09:00:00,23.050018310546875,0.0,450.0,51.0,0.0
2025-05-05 12:00:00,25.550018310546875,0.1,568.0,43.8,0.0
2025-05-05 15:00:00,24.550018310546875,0.21,470.0,48.6,0.0
2025-05-05 18:00:00,18.95001220703125,1.8,288.0,70.6,1.0
2025-05-05 21:00:00,16.25,1.6,0.0,80.6,1.0
2025-05-06 00:00:00,15.02001953125,2.3,0.0,81.9,1.0
2025-05-06 03:00:00,13.77001953125,0.3,0.0,82.4,1.0
2025-05-06 06:00:00,,,,,
2025-05-06 09:00:00,,,,,
2025-05-06 12:00:00,19.14999389648437,0.8,484.0,57.3,1.0
2025-05-06 15:00:00,18.25,0.78,430.0,59.5,0.0
2025-05-06 18:00:00,15.350006103515623,1.1,266.0,68.8,1.0
2025-05-06 21:00:00,13.45001220703125,0.7,0.0,76.1,1.0
2025-05-07 00:00:00,12.32000732421875,1.1,0.0,79.0,1.0
2025-05-07 03:00:00,11.610015869140623,0.42,0.0,80.6,0.0
2025-05-07 06:00:00,12.95001220703125,0.7,38.0,74.8,1.0
2025-05-07 09:00:00,15.649993896484377,0.49,360.0,64.2,0.0
2025-05-07 12:00:00,17.45001220703125,1.3,456.0,58.0,1.0
2025-05-07 15:00:00,17.050018310546875,0.9,400.0,59.2,0.0
2025-05-07 18:00:00,13.649993896484377,1.5,256.0,70.5,1.0
2025-05-07 21:00:00,11.95001220703125,0.41,0.0,75.5,0.0
2025-05-08 00:00:00,10.850006103515623,0.6,0.0,77.8,0.0
2025-05-08 03:00:00,9.95001220703125,0.13,0.0,78.3,0.0
2025-05-08 06:00:00,12.149993896484377,0.2,51.0,70.6,0.0
2025-05-08 09:00:00,16.25,0.1,510.0,54.9,0.0
2025-05-08 12:00:00,18.64999389648437,0.3,615.0,46.9,0.0
2025-05-08 15:00:00,18.75,0.1,550.0,46.7,0.0
2025-05-08 18:00:00,14.550018310546877,0.3,342.0,62.7,0.0
2025-05-08 21:00:00,12.649993896484377,0.19,0.0,71.3,0.0
2025-05-09 00:00:00,11.649993896484377,0.7,0.0,76.1,0.0
2025-05-09 03:00:00,10.8800048828125,0.33,0.0,77.9,0.0
2025-05-09 06:00:00,13.149993896484377,0.4,52.0,70.8,0.0
2025-05-09 09:00:00,16.649993896484375,0.13,460.0,59.5,0.0
2025-05-09 12:00:00,18.64999389648437,0.4,556.0,53.2,0.0
2025-05-09 15:00:00,18.45001220703125,0.3,500.0,54.4,0.0
2025-05-09 18:00:00,14.550018310546877,1.4,308.0,70.3,0.0
2025-05-09 21:00:00,12.95001220703125,0.7,0.0,76.4,0.0
2025-05-10 00:00:00,11.75,1.1,0.0,80.5,1.0
2025-05-10 03:00:00,10.75,0.38,0.0,82.5,0.0
2025-05-10 06:00:00,12.850006103515623,0.6,53.0,74.2,0.0
2025-05-10 09:00:00,16.649993896484375,0.14,490.0,58.9,0.0
2025-05-10 12:00:00,18.64999389648437,0.5,591.0,51.1,1.0
2025-05-10 15:00:00,18.350006103515625,0.58,510.0,52.5,0.0
2025-05-10 18:00:00,14.75,1.0,329.0,65.5,1.0
2025-05-10 21:00:00,12.850006103515623,0.44,0.0,70.1,0.0
2025-05-11 03:00:00,9.200012,0.0,0.0,74.8,0.0
2025-05-11 06:00:00,13.550018,0.0,82.0,64.4,0.0
2025-05-11 09:00:00,17.850006,0.02,660.0,49.8,0.0
2025-05-11 12:00:00,19.950012,0.0,765.0,39.9,0.0
2025-05-11 15:00:00,18.550018,0.0,630.0,51.0,0.0
2025-05-11 18:00:00,13.050018,0.0,394.0,73.0,0.0
2025-05-11 21:00:00,9.850006,0.0,0.0,79.2,0.0
2025-05-12 00:00:00,8.25,0.0,0.0,80.3,0.0
2025-05-12 03:00:00,6.950012,0.0,0.0,81.7,0.0
2025-05-12 06:00:00,10.75,0.0,74.0,65.7,0.0
2025-05-12 09:00:00,14.149994,0.05,490.0,51.8,0.0
2025-05-12 12:00:00,15.149994,0.19,527.0,51.0,0.0
2025-05-12 15:00:00,16.050018,0.1,520.0,48.0,0.0
2025-05-12 18:00:00,12.25,0.1,351.0,61.1,0.0
2025-05-12 21:00:00,9.649994,0.0,0.0,65.8,0.0
2025-05-13 00:00:00,8.089996,0.0,0.0,69.1,0.0
2025-05-13 03:00:00,6.649994,0.0,0.0,74.4,0.0
2025-05-13 06:00:00,10.450012,0.0,86.0,64.2,0.0
2025-05-13 09:00:00,15.550018,0.0,670.0,48.3,0.0
2025-05-13 12:00:00,17.950012,0.0,781.0,38.4,0.0
2025-05-13 15:00:00,17.649994,0.0,610.0,40.5,0.0
2025-05-13 18:00:00,13.350006,0.0,394.0,56.4,0.0
2025-05-13 21:00:00,11.050018,0.0,0.0,62.2,0.0
2025-05-14 00:00:00,9.25,0.0,0.0,68.2,0.0
2025-05-14 03:00:00,7.950012,0.0,0.0,73.2,0.0
2025-05-14 06:00:00,11.950012,0.0,80.0,62.0,0.0
2025-05-14 09:00:00,16.950012,0.0,650.0,45.9,0.0
2025-05-14 12:00:00,18.950012,0.0,752.0,39.4,0.0
2025-05-14 15:00:00,18.75,0.0,620.0,40.6,0.0
2025-05-14 18:00:00,14.350006,0.0,399.0,55.1,0.0
2025-05-14 21:00:00,12.050018,0.0,0.0,60.3,0.0
2025-05-15 00:00:00,10.550018,0.0,0.0,65.4,0.0
2025-05-15 03:00:00,9.350006,0.0,0.0,70.7,0.0
2025-05-15 06:00:00,13.550018,0.0,85.0,61.0,0.0
2025-05-15 09:00:00,18.75,0.0,650.0,44.8,0.0
2025-05-15 12:00:00,21.050018,0.0,757.0,36.7,0.0
2025-05-15 15:00:00,21.050018,0.0,630.0,38.7,0.0
2025-05-15 18:00:00,16.450012,0.2,402.0,55.4,0.0
2025-05-15 21:00:00,14.050018,0.2,0.0,62.3,0.0
2025-05-16 00:00:00,12.350006,0.6,0.0,68.5,0.0
2025-05-16 03:00:00,10.850006,0.5,0.0,74.9,0.0
2025-05-16 06:00:00,12.950012,0.8,63.0,68.1,0.0
2025-05-16 09:00:00,15.850006,0.31,530.0,53.0,0.0
2025-05-16 12:00:00,16.950012,0.6,621.0,47.2,0.0
2025-05-16 15:00:00,16.550018,0.2,570.0,47.6,0.0
2025-05-16 18:00:00,12.850006,0.4,365.0,60.8,0.0
2025-05-16 21:00:00,10.350006,0.0,0.0,67.1,0.0
2025-05-17 00:00:00,8.950012,0.1,0.0,69.7,0.0
2025-05-17 03:00:00,7.649994,0.1,0.0,74.7,0.0
2025-05-17 06:00:00,11.149994,0.4,78.0,66.5,0.0
2025-05-17 09:00:00,15.550018,0.2,600.0,51.8,0.0
2025-05-17 12:00:00,17.450012,0.4,683.0,46.8,0.0
2025-05-17 15:00:00,17.25,0.3,560.0,49.8,0.0
2025-05-17 18:00:00,13.550018,0.7,357.0,65.4,0.0
2025-05-17 21:00:00,11.550018,0.2,0.0,71.2,0.0
2025-05-18 00:00:00,10.350006,0.3,0.0,75.3,0.0
2025-05-18 03:00:00,9.450012,0.1,0.0,79.4,0.0
2025-05-18 06:00:00,12.75,0.3,74.0,69.5,0.0
2025-05-18 09:00:00,16.75,0.3,540.0,56.3,0.0
2025-05-18 12:00:00,19.25,0.6,639.0,48.1,0.0
2025-05-18 15:00:00,19.550018,0.3,560.0,47.5,0.0
2025-05-18 18:00:00,15.550018,0.3,364.0,60.6,0.0
2025-05-18 21:00:00,13.550018,0.1,0.0,65.6,0.0
2025-05-19 00:00:00,12.25,0.1,0.0,70.5,0.0
2025-05-19 03:00:00,10.850006,0.0,0.0,75.5,0.0
2025-05-19 06:00:00,14.450012,0.0,76.0,66.4,0.0
2025-05-19 09:00:00,19.25,0.2,580.0,51.7,0.0
2025-05-19 12:00:00,21.75,0.6,701.0,41.9,0.0
2025-05-19 15:00:00,21.149994,0.4,540.0,45.4,0.0
2025-05-19 18:00:00,17.050018,0.6,339.0,60.2,0.0
2025-05-19 21:00:00,14.550018,0.4,0.0,68.8,0.0
2025-05-20 00:00:00,12.950012,0.5,0.0,75.2,0.0
2025-05-20 03:00:00,11.850006,0.1,0.0,79.5,0.0
2025-05-20 06:00:00,14.950012,0.3,68.0,70.6,0.0
2025-05-20 09:00:00,19.649994,0.1,570.0,52.5,0.0
2025-05-20 12:00:00,22.149994,0.4,698.0,42.7,0.0
2025-05-20 15:00:00,21.149994,0.3,550.0,48.1,0.0
2025-05-20 18:00:00,17.149994,0.7,350.0,62.9,0.0
2025-05-20 21:00:00,15.050018,0.1,0.0,69.3,0.0
